MAPE,MAPE_mean,improvement
0.06754173089338082,0.09080220273254272,1.344
