MAPE,MAPE_mean,improvement
0.07524261469987908,0.09697818479519477,1.289
